alimentid,nom,co2par100g,massekg
1,Viande,25.0,4.93602312721981
2,Légumes,5.0,4.329642127844875
3,Fruits,7.0,2.179194701423851
4,Produits laitiers,12.0,2.3438188791151973
5,Céréales,10.0,4.891923880416258
6,Poisson,22.0,4.097894811860395
7,Produits transformés,15.0,0.8305862067656948
8,Boissons sucrées,8.0,3.5046461125020296
9,Soupes,7.0,2.9615917711450344
10,Salades,3.0,0.9799655849699369
11,Ragoût,15.0,3.423467754873557
12,Glaces,8.0,0.7672629825627861
